时间,LD1电流(A),LD1电压(V),LD2电流(A),LD2电压(V),PD温度(℃),PD功率(W),TEC1温度(℃),TEC1电流(A),TEC1功率(W),TEC2温度(℃),TEC2电流(A),TEC2功率(W),TEC3温度(℃),TEC3电流(A),TEC3功率(W),TEC4温度(℃),TEC4电流(A),TEC4功率(W),
2025年12月18日 22:41:31.435,0.3,0.7,0.3,0.7,2197.0,2040.0, -259.7,-20.1,0.0,-259.7,-20.1,0.0,-259.7,-20.3,0.0,-259.7,-20.2,0.0,
2025年12月18日 22:41:32.435,0.3,0.7,0.3,0.8,2207.0,2019.0, -259.7,-20.0,0.0,-259.7,-20.1,0.0,-259.7,-20.3,0.0,-259.7,-20.2,0.0,
2025年12月18日 22:41:33.435,0.3,0.7,0.3,0.7,2129.0,2046.0, -259.7,-20.1,0.0,-259.7,-20.2,0.0,-259.7,-20.3,0.0,-259.7,-20.2,0.0,
2025年12月18日 22:41:34.435,0.4,0.8,0.3,0.8,2284.0,2011.0, -259.7,-20.0,0.0,-259.7,-20.0,0.0,-259.7,-20.3,0.0,-259.7,-20.2,0.0,
2025年12月18日 22:41:56.436,0.3,0.7,0.3,0.7,2145.0,2007.0, -259.7,-20.1,0.0,-259.7,-20.2,0.0,-259.7,-20.3,0.0,-259.7,-20.3,0.0,
2025年12月18日 22:41:57.437,0.3,0.6,0.3,0.8,2239.0,2033.0, -259.7,-20.1,0.0,-259.7,-20.2,0.0,-259.7,-20.3,0.0,-259.7,-20.2,0.0,
2025年12月18日 22:41:58.438,0.3,0.7,0.3,0.8,2053.0,2014.0, -259.7,-20.1,0.0,-259.7,-20.1,0.0,-259.7,-20.3,0.0,-259.7,-20.2,0.0,
2025年12月18日 22:41:59.438,0.3,0.7,0.3,0.7,2232.0,2024.0, -259.7,-20.1,0.0,-259.7,-20.2,0.0,-259.7,-20.3,0.0,-259.7,-20.3,0.0,
2025年12月18日 22:42:00.437,0.3,0.7,0.3,0.8,2216.0,1974.0, -259.7,-20.1,0.0,-259.7,-20.2,0.0,-259.7,-20.3,0.0,-259.7,-20.2,0.0,
2025年12月18日 22:42:01.438,0.3,0.7,0.3,0.7,2164.0,2007.0, -259.7,-20.1,0.0,-259.7,-20.1,0.0,-259.7,-20.3,0.0,-259.7,-20.3,0.0,
2025年12月18日 22:42:02.438,0.3,0.6,0.3,0.7,2182.0,2033.0, -259.7,-20.1,0.0,-259.7,-20.2,0.0,-259.7,-20.3,0.0,-259.7,-20.2,0.0,
2025年12月18日 22:42:03.438,0.3,0.7,0.3,0.8,2169.0,1996.0, -259.7,-20.1,0.0,-259.7,-20.2,0.0,-259.7,-20.3,0.0,-259.7,-20.2,0.0,
2025年12月18日 22:42:04.438,0.3,0.6,0.3,0.7,2117.0,1963.0, -259.7,-20.2,0.0,-259.7,-20.2,0.0,-259.7,-20.3,0.0,-259.7,-20.3,0.0,
2025年12月18日 22:42:05.439,0.3,0.8,0.3,0.8,2201.0,1974.0, -259.7,-20.1,0.0,-259.7,-20.2,0.0,-259.7,-20.3,0.0,-259.7,-20.3,0.0,
2025年12月18日 22:42:06.438,0.3,0.7,0.3,0.8,2161.0,1967.0, -259.7,-20.1,0.0,-259.7,-20.1,0.0,-259.7,-20.3,0.0,-259.7,-20.2,0.0,
2025年12月18日 22:42:15.438,0.3,0.6,0.3,0.7,2125.0,1984.0, -259.7,-20.2,0.0,-259.7,-20.2,0.0,-259.7,-20.3,0.0,-259.7,-20.2,0.0,
2025年12月18日 22:42:16.438,0.3,0.7,0.3,0.8,2171.0,1943.0, -259.7,-20.1,0.0,-259.7,-20.2,0.0,-259.7,-20.3,0.0,-259.7,-20.2,0.0,
2025年12月18日 22:42:17.439,0.3,0.6,0.3,0.7,2156.0,2003.0, -259.7,-20.2,0.0,-259.7,-20.2,0.0,-259.7,-20.3,0.0,-259.7,-20.3,0.0,
2025年12月18日 22:42:18.439,0.3,0.7,0.3,0.8,2224.0,2003.0, -259.7,-20.1,0.0,-259.7,-20.1,0.0,-259.7,-20.3,0.0,-259.7,-20.3,0.0,
2025年12月18日 22:42:19.439,0.3,0.6,0.3,0.8,2138.0,1959.0, -259.7,-20.2,0.0,-259.7,-20.2,0.0,-259.7,-20.3,0.0,-259.7,-20.2,0.0,
2025年12月18日 22:42:20.439,0.3,0.6,0.3,0.7,2158.0,1970.0, -259.7,-20.2,0.0,-259.7,-20.2,0.0,-259.7,-20.3,0.0,-259.7,-20.3,0.0,
2025年12月18日 22:42:21.438,0.3,0.7,0.3,0.7,2109.0,1947.0, -259.7,-20.1,0.0,-259.7,-20.1,0.0,-259.7,-20.3,0.0,-259.7,-20.3,0.0,
2025年12月18日 22:42:22.438,0.3,0.7,0.3,0.7,2179.0,1951.0, -259.7,-20.1,0.0,-259.7,-20.2,0.0,-259.7,-20.3,0.0,-259.7,-20.3,0.0,
2025年12月18日 22:42:28.440,0.3,0.7,0.3,0.7,2161.0,1946.0, -259.7,-20.2,0.0,-259.7,-20.2,0.0,-259.7,-20.3,0.0,-259.7,-20.3,0.0,
2025年12月18日 22:42:29.440,0.3,0.7,0.3,0.8,2182.0,2015.0, -259.7,-20.1,0.0,-259.7,-20.1,0.0,-259.7,-20.3,0.0,-259.7,-20.2,0.0,
2025年12月18日 22:42:30.440,0.3,0.7,0.3,0.7,2168.0,1975.0, -259.7,-20.2,0.0,-259.7,-20.2,0.0,-259.7,-20.3,0.0,-259.7,-20.3,0.0,
2025年12月18日 22:42:31.440,0.3,0.7,0.3,0.8,2163.0,1985.0, -259.7,-20.2,0.0,-259.7,-20.2,0.0,-259.7,-20.3,0.0,-259.7,-20.2,0.0,
2025年12月18日 22:42:47.442,0.3,0.6,0.3,0.7,2125.0,1978.0, -259.7,-20.2,0.0,-259.7,-20.1,0.0,-259.7,-20.3,0.0,-259.7,-20.3,0.0,
2025年12月18日 22:42:48.441,0.3,0.6,0.3,0.7,2102.0,1991.0, -259.7,-20.2,0.0,-259.7,-20.2,0.0,-259.7,-20.3,0.0,-259.7,-20.3,0.0,
2025年12月18日 22:42:49.442,0.3,0.7,0.3,0.7,2106.0,1975.0, -259.7,-20.1,0.0,-259.7,-20.2,0.0,-259.7,-20.3,0.0,-259.7,-20.3,0.0,
2025年12月18日 22:46:53.460,0.3,0.6,0.3,0.6,2016.0,1886.0, -259.7,-20.2,0.0,-259.7,-20.2,0.0,-259.7,-20.3,0.0,-259.7,-20.3,0.0,
2025年12月18日 22:46:54.460,0.3,0.6,0.3,0.7,1972.0,1880.0, -259.7,-20.2,0.0,-259.7,-20.2,0.0,-259.7,-20.3,0.0,-259.7,-20.3,0.0,
2025年12月18日 22:46:55.459,0.3,0.6,0.3,0.6,1962.0,1885.0, -259.7,-20.2,0.0,-259.7,-20.1,0.0,-259.7,-20.3,0.0,-259.7,-20.3,0.0,
2025年12月18日 22:46:56.460,0.3,0.6,0.3,0.6,1997.0,1935.0, -259.7,-20.2,0.0,-259.7,-20.2,0.0,-259.7,-20.3,0.0,-259.7,-20.3,0.0,
2025年12月18日 22:46:57.460,0.3,0.6,0.3,0.7,2044.0,1888.0, -259.7,-20.2,0.0,-259.7,-20.2,0.0,-259.7,-20.3,0.0,-259.7,-20.3,0.0,
2025年12月18日 22:46:58.460,0.3,0.6,0.3,0.7,2047.0,1893.0, -259.7,-20.2,0.0,-259.7,-20.2,0.0,-259.7,-20.4,0.0,-259.7,-20.3,0.0,
2025年12月18日 22:46:59.461,0.3,0.6,0.3,0.7,2000.0,1912.0, -259.7,-20.2,0.0,-259.7,-20.2,0.0,-259.7,-20.3,0.0,-259.7,-20.3,0.0,
2025年12月18日 22:47:00.461,0.3,0.6,0.3,0.7,1956.0,1894.0, -259.7,-20.2,0.0,-259.7,-20.2,0.0,-259.7,-20.3,0.0,-259.7,-20.3,0.0,
2025年12月18日 22:47:01.461,0.3,0.6,0.3,0.6,1978.0,1910.0, -259.7,-20.2,0.0,-259.7,-20.2,0.0,-259.7,-20.3,0.0,-259.7,-20.3,0.0,
2025年12月18日 22:47:02.459,0.3,0.6,0.3,0.7,2030.0,1941.0, -259.7,-20.2,0.0,-259.7,-20.2,0.0,-259.7,-20.3,0.0,-259.7,-20.3,0.0,
2025年12月18日 22:47:03.460,0.3,0.6,0.3,0.6,2002.0,1900.0, -259.7,-20.2,0.0,-259.7,-20.1,0.0,-259.7,-20.4,0.0,-259.7,-20.3,0.0,
2025年12月18日 22:47:04.460,0.2,0.6,0.3,0.7,1998.0,1892.0, -259.7,-20.2,0.0,-259.7,-20.2,0.0,-259.7,-20.3,0.0,-259.7,-20.3,0.0,
2025年12月18日 22:47:05.459,0.3,0.6,0.3,0.7,1974.0,1889.0, -259.7,-20.2,0.0,-259.7,-20.2,0.0,-259.7,-20.3,0.0,-259.7,-20.3,0.0,
2025年12月18日 22:47:06.460,0.3,0.6,0.3,0.6,1970.0,1881.0, -259.7,-20.2,0.0,-259.7,-20.2,0.0,-259.7,-20.4,0.0,-259.7,-20.3,0.0,
2025年12月18日 22:47:07.461,0.3,0.6,0.3,0.7,1974.0,1916.0, -259.7,-20.2,0.0,-259.7,-20.2,0.0,-259.7,-20.3,0.0,-259.7,-20.3,0.0,
2025年12月18日 22:47:08.460,0.3,0.6,0.3,0.7,2019.0,1880.0, -259.7,-20.2,0.0,-259.7,-20.2,0.0,-259.7,-20.4,0.0,-259.7,-20.3,0.0,
2025年12月18日 22:47:09.460,0.3,0.6,0.3,0.7,2033.0,1888.0, -259.7,-20.2,0.0,-259.7,-20.2,0.0,-259.7,-20.4,0.0,-259.7,-20.3,0.0,
2025年12月18日 22:47:10.460,0.3,0.7,0.3,0.7,2060.0,1913.0, -259.7,-20.2,0.0,-259.7,-20.2,0.0,-259.7,-20.3,0.0,-259.7,-20.3,0.0,
2025年12月18日 22:47:11.460,0.3,0.6,0.3,0.6,1963.0,1893.0, -259.7,-20.2,0.0,-259.7,-20.2,0.0,-259.7,-20.3,0.0,-259.7,-20.3,0.0,
2025年12月18日 22:47:12.462,0.3,0.6,0.3,0.7,2004.0,1890.0, -259.7,-20.2,0.0,-259.7,-20.2,0.0,-259.7,-20.3,0.0,-259.7,-20.3,0.0,
2025年12月18日 22:47:13.461,0.3,0.6,0.3,0.7,1970.0,1902.0, -259.7,-20.2,0.0,-259.7,-20.1,0.0,-259.7,-20.4,0.0,-259.7,-20.3,0.0,
2025年12月18日 22:50:05.427,0.3,0.6,0.3,0.7,2040.0,1924.0, -259.7,-20.2,0.0,-259.7,-20.2,0.0,-259.7,-20.3,0.0,-259.7,-20.3,0.0,
2025年12月18日 22:50:06.427,0.3,0.6,0.3,0.7,2072.0,1937.0, -259.7,-20.1,0.0,-259.7,-20.2,0.0,-259.7,-20.3,0.0,-259.7,-20.3,0.0,
2025年12月18日 22:50:07.428,0.3,0.6,0.3,0.7,2194.0,1950.0, -259.7,-20.2,0.0,-259.7,-20.2,0.0,-259.7,-20.3,0.0,-259.7,-20.3,0.0,
2025年12月18日 22:50:08.427,0.3,0.6,0.3,0.7,2080.0,1927.0, -259.7,-20.2,0.0,-259.7,-20.1,0.0,-259.7,-20.3,0.0,-259.7,-20.3,0.0,
2025年12月18日 22:50:09.427,0.3,0.6,0.3,0.7,2003.0,1906.0, -259.7,-20.1,0.0,-259.7,-20.2,0.0,-259.7,-20.4,0.0,-259.7,-20.3,0.0,
2025年12月18日 22:50:10.428,0.3,0.7,0.3,0.7,2031.0,1954.0, -259.7,-20.2,0.0,-259.7,-20.2,0.0,-259.7,-20.3,0.0,-259.7,-20.3,0.0,
2025年12月18日 22:50:23.438,0.3,0.6,0.3,0.7,2037.0,1891.0, -259.7,-20.2,0.0,-259.7,-20.2,0.0,-259.7,-20.3,0.0,-259.7,-20.3,0.0,
2025年12月18日 22:50:24.429,0.3,0.6,0.3,0.7,2033.0,1926.0, -259.7,-20.2,0.0,-259.7,-20.2,0.0,-259.7,-20.3,0.0,-259.7,-20.3,0.0,
2025年12月18日 22:50:25.430,0.3,0.6,0.3,0.6,2110.0,1945.0, -259.7,-20.2,0.0,-259.7,-20.2,0.0,-259.7,-20.4,0.0,-259.7,-20.3,0.0,
2025年12月18日 22:50:26.429,0.3,0.6,0.3,0.7,2132.0,1945.0, -259.7,-20.2,0.0,-259.7,-20.1,0.0,-259.7,-20.3,0.0,-259.7,-20.3,0.0,
2025年12月18日 22:50:27.428,0.3,0.6,0.3,0.7,2002.0,1938.0, -259.7,-20.2,0.0,-259.7,-20.2,0.0,-259.7,-20.3,0.0,-259.7,-20.3,0.0,
2025年12月18日 22:50:28.429,0.3,0.6,0.3,0.7,1996.0,1914.0, -259.7,-20.2,0.0,-259.7,-20.2,0.0,-259.7,-20.3,0.0,-259.7,-20.3,0.0,
2025年12月18日 22:50:29.429,0.3,0.7,0.3,0.6,1977.0,1892.0, -259.7,-20.2,0.0,-259.7,-20.1,0.0,-259.7,-20.4,0.0,-259.7,-20.3,0.0,
2025年12月18日 22:50:30.429,0.3,0.6,0.3,0.6,2008.0,1913.0, -259.7,-20.2,0.0,-259.7,-20.2,0.0,-259.7,-20.4,0.0,-259.7,-20.3,0.0,
2025年12月18日 22:50:31.428,0.3,0.7,0.3,0.7,2023.0,1912.0, -259.7,-20.2,0.0,-259.7,-20.2,0.0,-259.7,-20.3,0.0,-259.7,-20.3,0.0,
2025年12月18日 22:53:30.063,0.3,0.8,0.4,1.0,2228.0,1943.0, -259.7,-20.1,0.0,-259.7,-20.1,0.0,-259.7,-20.3,0.0,-259.7,-20.2,0.0,
2025年12月18日 22:53:31.061,0.3,0.7,0.3,0.9,2201.0,2117.0, -259.7,-20.1,0.0,-259.7,-20.1,0.0,-259.7,-20.2,0.0,-259.7,-20.2,0.0,
2025年12月18日 22:53:32.062,0.3,0.8,0.3,0.8,2230.0,2102.0, -259.7,-20.1,0.0,-259.7,-20.0,0.0,-259.7,-20.3,0.0,-259.7,-20.2,0.0,
2025年12月18日 22:53:33.061,0.3,0.7,0.3,0.8,2225.0,2041.0, -259.7,-20.1,0.0,-259.7,-20.2,0.0,-259.7,-20.3,0.0,-259.7,-20.2,0.0,
2025年12月18日 22:53:34.062,0.3,0.8,0.3,0.8,2156.0,2147.0, -259.7,-20.1,0.0,-259.7,-20.1,0.0,-259.7,-20.3,0.0,-259.7,-20.2,0.0,
2025年12月18日 22:53:49.062,0.3,0.7,0.3,0.8,2134.0,2031.0, -259.7,-20.1,0.0,-259.7,-20.2,0.0,-259.7,-20.3,0.0,-259.7,-20.2,0.0,
2025年12月18日 22:53:50.062,0.3,0.7,0.3,0.8,2179.0,2044.0, -259.7,-20.1,0.0,-259.7,-20.1,0.0,-259.7,-20.3,0.0,-259.7,-20.3,0.0,
2025年12月18日 22:53:51.062,0.3,0.8,0.3,0.7,2138.0,2022.0, -259.7,-20.1,0.0,-259.7,-20.1,0.0,-259.7,-20.3,0.0,-259.7,-20.3,0.0,
2025年12月18日 22:53:53.063,0.3,0.7,0.3,0.8,2244.0,2060.0, -259.7,-20.1,0.0,-259.7,-20.1,0.0,-259.7,-20.3,0.0,-259.7,-20.2,0.0,
2025年12月18日 22:53:54.063,0.3,0.7,0.3,0.7,2201.0,2019.0, -259.7,-20.1,0.0,-259.7,-20.2,0.0,-259.7,-20.3,0.0,-259.7,-20.2,0.0,
2025年12月18日 22:53:57.062,0.3,0.6,0.3,0.7,2270.0,1991.0, -259.7,-20.1,0.0,-259.7,-20.2,0.0,-259.7,-20.3,0.0,-259.7,-20.2,0.0,
2025年12月18日 22:53:58.064,0.3,0.7,0.3,0.8,2182.0,2018.0, -259.7,-20.1,0.0,-259.7,-20.2,0.0,-259.7,-20.3,0.0,-259.7,-20.2,0.0,
2025年12月18日 22:56:43.976,0.3,0.6,0.3,0.7,2081.0,1936.0, -259.7,-20.1,0.0,-259.7,-20.1,0.0,-259.7,-20.3,0.0,-259.7,-20.3,0.0,
2025年12月18日 22:56:44.977,0.3,0.6,0.3,0.6,2070.0,1901.0, -259.7,-20.2,0.0,-259.7,-20.2,0.0,-259.7,-20.4,0.0,-259.7,-20.3,0.0,
2025年12月18日 22:56:45.977,0.3,0.6,0.3,0.6,2076.0,1951.0, -259.7,-20.1,0.0,-259.7,-20.2,0.0,-259.7,-20.3,0.0,-259.7,-20.3,0.0,
2025年12月18日 22:56:46.976,0.3,0.7,0.3,0.7,2058.0,1924.0, -259.7,-20.2,0.0,-259.7,-20.2,0.0,-259.7,-20.3,0.0,-259.7,-20.3,0.0,
2025年12月18日 22:56:47.976,0.3,0.6,0.3,0.7,2084.0,1984.0, -259.7,-20.2,0.0,-259.7,-20.2,0.0,-259.7,-20.3,0.0,-259.7,-20.3,0.0,
2025年12月18日 22:56:48.976,0.3,0.6,0.3,0.7,2139.0,1990.0, -259.7,-20.1,0.0,-259.7,-20.1,0.0,-259.7,-20.3,0.0,-259.7,-20.3,0.0,
2025年12月18日 22:56:49.976,0.3,0.6,0.3,0.7,2107.0,1896.0, -259.7,-20.2,0.0,-259.7,-20.2,0.0,-259.7,-20.3,0.0,-259.7,-20.3,0.0,
2025年12月18日 23:03:02.997,0.3,0.6,0.3,0.6,2137.0,1988.0, -259.7,-20.2,0.0,-259.7,-20.2,0.0,-259.7,-20.3,0.0,-259.7,-20.3,0.0,
2025年12月18日 23:03:03.997,0.3,0.7,0.3,0.8,2137.0,1968.0, -259.7,-20.1,0.0,-259.7,-20.1,0.0,-259.7,-20.3,0.0,-259.7,-20.3,0.0,
2025年12月18日 23:03:04.997,0.3,0.7,0.3,0.7,2042.0,1904.0, -259.7,-20.2,0.0,-259.7,-20.2,0.0,-259.7,-20.3,0.0,-259.7,-20.3,0.0,
2025年12月18日 23:03:05.996,0.3,0.7,0.3,0.7,2106.0,1987.0, -259.7,-20.2,0.0,-259.7,-20.1,0.0,-259.7,-20.3,0.0,-259.7,-20.3,0.0,
2025年12月18日 23:03:07.997,0.3,0.7,0.3,0.8,2072.0,1946.0, -259.7,-20.2,0.0,-259.7,-20.2,0.0,-259.7,-20.3,0.0,-259.7,-20.3,0.0,
2025年12月18日 23:03:08.996,0.3,0.7,0.3,0.7,2101.0,1965.0, -259.7,-20.2,0.0,-259.7,-20.3,0.0,-259.7,-20.3,0.0,-259.7,-20.3,0.0,
2025年12月18日 23:03:11.997,0.3,0.7,0.3,0.7,2089.0,1966.0, -259.7,-20.2,0.0,-259.7,-20.2,0.0,-259.7,-20.3,0.0,-259.7,-20.3,0.0,
2025年12月18日 23:03:12.998,0.3,0.7,0.3,0.7,2087.0,1883.0, -259.7,-20.2,0.0,-259.7,-20.2,0.0,-259.7,-20.3,0.0,-259.7,-20.3,0.0,
2025年12月18日 23:03:13.998,0.3,0.6,0.3,0.7,2042.0,1914.0, -259.7,-20.2,0.0,-259.7,-20.2,0.0,-259.7,-20.4,0.0,-259.7,-20.3,0.0,
2025年12月18日 23:03:14.997,0.3,0.6,0.3,0.7,2023.0,1949.0, -259.7,-20.1,0.0,-259.7,-20.2,0.0,-259.7,-20.3,0.0,-259.7,-20.3,0.0,
2025年12月18日 23:03:15.997,0.3,0.6,0.3,0.6,2072.0,1926.0, -259.7,-20.2,0.0,-259.7,-20.2,0.0,-259.7,-20.3,0.0,-259.7,-20.3,0.0,
2025年12月18日 23:13:35.027,0.3,0.7,0.3,0.7,2080.0,2006.0, -259.7,-20.2,0.0,-259.7,-20.1,0.0,-259.7,-20.3,0.0,-259.7,-20.3,0.0,
2025年12月18日 23:13:36.028,0.3,0.6,0.3,0.7,2100.0,1947.0, -259.7,-20.1,0.0,-259.7,-20.1,0.0,-259.7,-20.4,0.0,-259.7,-20.3,0.0,
2025年12月18日 23:13:37.028,0.3,0.6,0.3,0.7,2070.0,1967.0, -259.7,-20.1,0.0,-259.7,-20.2,0.0,-259.7,-20.3,0.0,-259.7,-20.3,0.0,
2025年12月18日 23:13:38.027,0.3,0.6,0.3,0.7,2045.0,1918.0, -259.7,-20.2,0.0,-259.7,-20.2,0.0,-259.7,-20.3,0.0,-259.7,-20.3,0.0,
2025年12月18日 23:13:39.028,0.3,0.6,0.3,0.7,2209.0,1993.0, -259.7,-20.2,0.0,-259.7,-20.2,0.0,-259.7,-20.3,0.0,-259.7,-20.3,0.0,
2025年12月18日 23:13:43.028,0.3,0.6,0.3,0.7,2062.0,1919.0, -259.7,-20.2,0.0,-259.7,-20.2,0.0,-259.7,-20.3,0.0,-259.7,-20.3,0.0,
2025年12月18日 23:13:44.028,0.3,0.7,0.3,0.7,2072.0,1966.0, -259.7,-20.1,0.0,-259.7,-20.2,0.0,-259.7,-20.4,0.0,-259.7,-20.3,0.0,
2025年12月18日 23:13:45.027,0.3,0.6,0.3,0.6,2037.0,1969.0, -259.7,-20.2,0.0,-259.7,-20.2,0.0,-259.7,-20.3,0.0,-259.7,-20.3,0.0,
2025年12月18日 23:19:16.040,0.3,0.6,0.3,0.6,2088.0,1929.0, -259.7,-20.2,0.0,-259.7,-20.2,0.0,-259.7,-20.3,0.0,-259.7,-20.3,0.0,
2025年12月18日 23:19:17.040,0.3,0.7,0.3,0.7,2116.0,1941.0, -259.7,-20.2,0.0,-259.7,-20.1,0.0,-259.7,-20.3,0.0,-259.7,-20.3,0.0,
2025年12月18日 23:19:18.041,0.3,0.7,0.3,0.6,2067.0,1910.0, -259.7,-20.1,0.0,-259.7,-20.1,0.0,-259.7,-20.3,0.0,-259.7,-20.3,0.0,
2025年12月18日 23:19:19.041,0.3,0.7,0.3,0.6,2095.0,1956.0, -259.7,-20.2,0.0,-259.7,-20.1,0.0,-259.7,-20.3,0.0,-259.7,-20.3,0.0,
2025年12月18日 23:19:31.040,0.3,0.6,0.3,0.6,2017.0,1924.0, -259.7,-20.2,0.0,-259.7,-20.2,0.0,-259.7,-20.4,0.0,-259.7,-20.3,0.0,
2025年12月18日 23:19:32.041,0.3,0.6,0.3,0.6,2040.0,1924.0, -259.7,-20.2,0.0,-259.7,-20.2,0.0,-259.7,-20.3,0.0,-259.7,-20.3,0.0,
2025年12月18日 23:19:33.041,0.3,0.6,0.3,0.7,2017.0,1934.0, -259.7,-20.2,0.0,-259.7,-20.2,0.0,-259.7,-20.3,0.0,-259.7,-20.3,0.0,
2025年12月18日 23:19:34.041,0.3,0.6,0.3,0.7,2032.0,1924.0, -259.7,-20.2,0.0,-259.7,-20.2,0.0,-259.7,-20.3,0.0,-259.7,-20.3,0.0,
2025年12月18日 23:19:35.042,0.3,0.7,0.3,0.7,2076.0,1931.0, -259.7,-20.2,0.0,-259.7,-20.2,0.0,-259.7,-20.3,0.0,-259.7,-20.3,0.0,
2025年12月18日 23:19:36.042,0.3,0.6,0.3,0.6,2029.0,1925.0, -259.7,-20.2,0.0,-259.7,-20.2,0.0,-259.7,-20.3,0.0,-259.7,-20.3,0.0,
2025年12月18日 23:19:50.041,0.3,0.6,0.3,0.6,2008.0,1912.0, -259.7,-20.2,0.0,-259.7,-20.2,0.0,-259.7,-20.3,0.0,-259.7,-20.3,0.0,
2025年12月18日 23:19:51.041,0.3,0.6,0.3,0.7,2012.0,1885.0, -259.7,-20.2,0.0,-259.7,-20.2,0.0,-259.7,-20.4,0.0,-259.7,-20.3,0.0,
2025年12月18日 23:19:52.042,0.3,0.6,0.3,0.6,2002.0,1927.0, -259.7,-20.2,0.0,-259.7,-20.2,0.0,-259.7,-20.3,0.0,-259.7,-20.3,0.0,
2025年12月18日 23:19:53.042,0.3,0.6,0.3,0.7,2014.0,1901.0, -259.7,-20.2,0.0,-259.7,-20.2,0.0,-259.7,-20.3,0.0,-259.7,-20.3,0.0,
2025年12月18日 23:19:54.042,0.3,0.6,0.3,0.7,2006.0,1909.0, -259.7,-20.2,0.0,-259.7,-20.2,0.0,-259.7,-20.3,0.0,-259.7,-20.3,0.0,
2025年12月18日 23:19:55.041,0.3,0.6,0.3,0.7,1959.0,1911.0, -259.7,-20.2,0.0,-259.7,-20.2,0.0,-259.7,-20.3,0.0,-259.7,-20.3,0.0,
2025年12月18日 23:23:34.673,0.3,0.6,0.3,0.7,2138.0,1912.0, -259.7,-20.2,0.0,-259.7,-20.2,0.0,-259.7,-20.3,0.0,-259.7,-20.3,0.0,
2025年12月18日 23:23:35.673,0.3,0.6,0.3,0.7,2151.0,2013.0, -259.7,-20.1,0.0,-259.7,-20.2,0.0,-259.7,-20.3,0.0,-259.7,-20.3,0.0,
2025年12月18日 23:23:36.674,0.3,0.7,0.3,0.7,2064.0,2007.0, -259.7,-20.2,0.0,-259.7,-20.2,0.0,-259.7,-20.3,0.0,-259.7,-20.3,0.0,
2025年12月18日 23:23:37.673,0.3,0.6,0.3,0.7,2163.0,1952.0, -259.7,-20.2,0.0,-259.7,-20.1,0.0,-259.7,-20.3,0.0,-259.7,-20.3,0.0,
2025年12月18日 23:23:44.673,0.3,0.6,0.3,0.7,2065.0,1981.0, -259.7,-20.2,0.0,-259.7,-20.2,0.0,-259.7,-20.3,0.0,-259.7,-20.3,0.0,
2025年12月18日 23:23:45.673,0.3,0.7,0.3,0.7,2114.0,1925.0, -259.7,-20.2,0.0,-259.7,-20.1,0.0,-259.7,-20.3,0.0,-259.7,-20.3,0.0,
2025年12月18日 23:23:46.674,0.3,0.7,0.3,0.7,2117.0,1986.0, -259.7,-20.1,0.0,-259.7,-20.2,0.0,-259.7,-20.3,0.0,-259.7,-20.2,0.0,
2025年12月18日 23:26:23.118,0.3,0.6,0.3,0.6,2128.0,1915.0, -259.7,-20.2,0.0,-259.7,-20.1,0.0,-259.7,-20.4,0.0,-259.7,-20.3,0.0,
2025年12月18日 23:26:24.118,0.3,0.6,0.3,0.6,2086.0,1944.0, -259.7,-20.2,0.0,-259.7,-20.2,0.0,-259.7,-20.4,0.0,-259.7,-20.3,0.0,
2025年12月18日 23:26:25.117,0.3,0.7,0.3,0.7,2207.0,1965.0, -259.7,-20.2,0.0,-259.7,-20.1,0.0,-259.7,-20.3,0.0,-259.7,-20.3,0.0,
2025年12月18日 23:26:26.119,0.3,0.6,0.3,0.6,2043.0,1923.0, -259.7,-20.2,0.0,-259.7,-20.2,0.0,-259.7,-20.3,0.0,-259.7,-20.3,0.0,
2025年12月18日 23:50:26.233,0.4,0.9,0.4,1.0,2389.0,2184.0, -259.7,-20.0,0.0,-259.7,-20.0,0.0,-259.7,-20.3,0.0,-259.7,-20.2,0.0,
2025年12月18日 23:50:27.233,0.4,0.9,0.4,1.0,2281.0,2134.0, -259.7,-20.0,0.0,-259.7,-20.0,0.0,-259.7,-20.3,0.0,-259.7,-20.1,0.0,
2025年12月18日 23:50:29.231,0.4,0.9,0.4,1.0,2335.0,2155.0, -259.7,-20.1,0.0,-259.7,-20.0,0.0,-259.7,-20.2,0.0,-259.7,-20.1,0.0,
2025年12月18日 23:53:17.009,0.3,0.7,0.3,0.6,2191.0,1968.0, -259.7,-20.1,0.0,-259.7,-20.1,0.0,-259.7,-20.3,0.0,-259.7,-20.3,0.0,
2025年12月18日 23:53:18.011,0.3,0.6,0.3,0.7,1977.0,1899.0, -259.7,-20.2,0.0,-259.7,-20.2,0.0,-259.7,-20.3,0.0,-259.7,-20.3,0.0,
2025年12月18日 23:53:19.009,0.3,0.7,0.3,0.7,2022.0,1920.0, -259.7,-20.2,0.0,-259.7,-20.2,0.0,-259.7,-20.3,0.0,-259.7,-20.3,0.0,
2025年12月18日 23:53:20.010,0.3,0.7,0.3,0.7,1999.0,1934.0, -259.7,-20.1,0.0,-259.7,-20.1,0.0,-259.7,-20.4,0.0,-259.7,-20.3,0.0,
2025年12月18日 23:53:21.009,0.3,0.6,0.3,0.6,2018.0,1921.0, -259.7,-20.2,0.0,-259.7,-20.2,0.0,-259.7,-20.3,0.0,-259.7,-20.3,0.0,
